Workbook

Sheet 脚本清单
A1: 连接id | B1: 脚本名称 | C1: 脚本类型 | D1: 脚本说明 | E1: 脚本状态 | F1: 链接 | G1: SCRIPT | H1: 备注 | I1: 表名称 | J1: 行数
A2: conn_default_id | B2: 模板 | C2: 类型 | D2: 表名-字段名-评估维度 评估说明 | E2: 1 | F2: =HYPERLINK(CONCATENATE("#'",B2,"'!C2"),"查看") -> 查看 | G2: SELECT * FROM TBL_NAME LIMIT 100 | H2: 保留此行
A3: T01C00R00 | B3: T01C00R00 | C3: 示例数据 | D3: 客户信息-全部-示例数据 | E3: 1 | F3: =HYPERLINK(CONCATENATE("#'",B3,"'!C2"),"查看") -> 查看 | G3: SELECT * FROM dw.to_ecif_cust_info LIMIT 100

Sheet 模板
A1: 一、脚本信息 | C1: 二、脚本结果
A2: 脚本名称 | B2: 模板 | C2: =HYPERLINK(CONCATENATE("#脚本清单!F",MATCH(B2,脚本清单!B:B,0)),"返回") -> 返回 | D2: 列1 | E2: 列2
A3: 脚本类型 | B3: =VLOOKUP($B$2,脚本清单!$B:$G,2,0) -> 类型 | D3: - | E3: -
A4: 脚本说明 | B4: =VLOOKUP($B$2,脚本清单!$B:$G,3,0) -> 表名-字段名-评估维度 评估说明
A6: 脚本状态 | B6: =VLOOKUP($B$2,脚本清单!$B:$G,4,0) -> 1
A7: =VLOOKUP($B$2,脚本清单!$B:$G,6,0) -> SELECT * FROM TBL_NAME LIMIT 100

Sheet 模板_wps
A1: 一、脚本信息 | C1: 二、脚本结果
A2: 脚本名称 | B2: 模板 | C2: =HYPERLINK(CONCATENATE("#脚本清单!F",MATCH(B2,脚本清单!B:B,0)),"返回") -> 返回 | D2: 列1 | E2: 列2
A3: 脚本类型 | B3: =VLOOKUP($B$2,脚本清单!$B:$G,2,0) -> 类型 | D3: - | E3: -
A4: 脚本说明 | B4: =VLOOKUP($B$2,脚本清单!$B:$G,3,0) -> 表名-字段名-评估维度 评估说明
A6: 脚本状态 | B6: =VLOOKUP($B$2,脚本清单!$B:$G,4,0) -> 1
A7: =VLOOKUP($B$2,脚本清单!$B:$G,6,0) -> SELECT * FROM TBL_NAME LIMIT 100

Sheet 模板_office
A1: 一、脚本信息 | C1: 二、脚本结果
A2: 脚本名称 | B2: 模板 | C2: =HYPERLINK(CONCATENATE("#脚本清单!F",MATCH(B2,脚本清单!B:B,0)),"返回") -> 返回 | D2: 列1 | E2: 列2
A3: 脚本类型 | B3: =VLOOKUP($B$2,脚本清单!$B:$G,2,0) -> 类型 | D3: - | E3: -
A4: 脚本说明 | B4: =VLOOKUP($B$2,脚本清单!$B:$G,3,0) -> 表名-字段名-评估维度 评估说明
A6: 脚本状态 | B6: =VLOOKUP($B$2,脚本清单!$B:$G,4,0) -> 1
A7: =VLOOKUP($B$2,脚本清单!$B:$G,6,0) -> SELECT * FROM TBL_NAME LIMIT 100

Sheet 脚本_模板
A1: 连接id | B1: 脚本名称 | C1: 脚本类型 | D1: 脚本说明 | E1: 脚本状态 | F1: 链接 | G1: SCRIPT | H1: 备注
A2: conn_default_id | B2: 模板 | C2: 类型 | D2: 表名-字段名-评估维度 评估说明 | E2: 1 | F2: =HYPERLINK(CONCATENATE("#'",B2,"'!C2"),"查看") -> 查看 | G2: SELECT * FROM TBL_NAME LIMIT 100 | H2: 保留此行
A3: conn_default_id | B3: T01C00R00 | C3: 示例数据 | D3: 客户信息-全部-示例数据 | E3: 1 | F3: =HYPERLINK(CONCATENATE("#'",B3,"'!C2"),"查看") -> 查看 | G3: SELECT * FROM dw.to_ecif_cust_info LIMIT 100

Sheet 说明
A1: 一、修改记录
A2: 版本 | B2: 修改者 | C2: 修改时间 | D2: 说明
A3: V0.1 | B3: 段智慧 | C3: 44088 | D3: 基于 datachk.py v0.1版本
A4: V0.2 | B4: 段智慧 | C4: 46164 | D4: 采用工厂模式整合多数据库支持
A5: 二、颜色说明
B6: 信息字段
B7: 公式字段
B8: 数据字段
A10: 三、Sheet说明
A11: 脚本清单 | B11: 从第三行开始，列出需要做数据探查的表。
A12: 模板 | B12: 模板请莫修改或删除！
A14: 四、数据质量评估维度
A15: 注：参考《银行数据治理》P95 表7-1 数据质量评估维度的具体内容
A16: 数据质量评估维度
A17: 序号 | B17: 评估维度 | C17: 描述 | D17: 衡量标准 | E17: 是否自动核查
A18: 1 | B18: 完整性 | C18: 必须的数据项已经被记录 | D18: 业务指定必需的数据是否缺失，不允许为空字符或空值等。例如，数据源是否完整、维度取值是否完整、数据取值是否完整等 | E18: 是
A19: 2 | B19: 时效性 | C19: 数据被及时更新以体现当前事实 | D19: 当需要使用时，数据能否反应当前事实。即数据必须及时，能够满足系统对数据时间的要求。例如，数据处理（获取、整理、加载等）的及时性 | E19: 是
A20: 3 | B20: 唯一性 | C20: 该数据在特定数据集中不存在重复值 | D20: 在指定的数据集中是否存在重复值 | E20: 是
A21: 4 | B21: 参照完整性 | C21: 数据项在引用的父表中有定义 | D21: 数据项十分钟父表中有定义 | E21: 是
A22: 5 | B22: 依赖一致性 | C22: 数据项取值满足与其他数据项之间的依赖关系 | D22: 数据项取值是否满足与其他数据项之间的依赖关系 | E22: 是
A23: 6 | B23: 基数一致性 | C23: 数据项在子表中出现的次数符合标准 | D23: 数据项在子表中可出现的次数是否符合标准。例如，一个账户每年的计息次数为4次，既要符合账户计息次数为1:4的规定 | E23: 是
A24: 7 | B24: 正确性 | C24: 数据正确体现了真实情况 | D24: 数据内容和定义是否一致 | E24: 是
A25: 8 | B25: 精确性 | C25: 数据精度满足业务要求的程度 | D25: 数据精度是否达到业务规则要求的位数 | E25: 是
A26: 9 | B26: 技术有效性 | C26: 数据符合一定的格式规范 | D26: 数据项是否按已定义的格式标准组织 | E26: 是
A27: 10 | B27: 业务有效性 | C27: 数据符合已定义的业务规则 | D27: 数据项是否符合已定义的业务要求 | E27: 是
A28: 11 | B28: 可信度 | C28: 数据的可信赖程度 | D28: 根据客户调查或客户主动提供获得 | E28: 否
A29: 12 | B29: 可用性 | C29: 数据在需要时是可用的 | D29: 数据可用时间和数据需要被访问时间的比例 | E29: 否
... A31: 14 | B31: 适用性 | C31: 数据格式和展现满足用户需要 | D31: 根据客户调查或客户主动提供获得 | E31: 否
A33: 五、填写说明
A34: 连接id | B34: 脚本名称 | C34: 脚本类型 | D34: 脚本说明 | E34: 脚本状态 | F34: 链接 | G34: SCRIPT | H34: 备注
A35: conn_default_id | B35: 模板 | C35: 类型 | D35: 表名-字段名-评估维度 评估说明 | E35: 1 | F35: =HYPERLINK(CONCATENATE("#'",A35,"'!C2"),"查看") -> 查看 | G35: SELECT * FROM TBL_NAME LIMIT 100 | H35: 保留此行
A36: conn_default_id | B36: T01C00R00 | C36: 示例数据 | D36: 客户信息-全部-示例数据 | E36: 1 | F36: =HYPERLINK(CONCATENATE("#'",A36,"'!C2"),"查看") -> 查看 | G36: SELECT * FROM dw.to_ecif_cust_info LIMIT 100
